BirdID,NestID,ChickNr,HatchDate,FledgeDate,FateChick,DateCollection,Remarks
117,1325,1,25/01/1989,,F,,
118,1325,2,25/01/1989,,F,,
119,1328,1,25/01/1989,,F,,
121,1332,1,08/02/1989,,F,,
122,1316,1,08/02/1989,,F,,
123,1335,1,22/02/1989,,F,,
124,1335,2,22/02/1989,,F,,
125,1231,3,,,F,,
126,1232,1,26/06/1989,,F,,
127,1233,1,15/03/1989,,F,,
129,1329,1,,,F,,
130,1317,1,24/05/1989,,F,,
131,1326,1,19/07/1989,,F,,
132,1326,2,17/07/1989,,F,,
133,1333,1,19/07/1989,,F,,
134,1330,2,26/07/1989,,F,,
135,1330,1,26/07/1989,,F,,
136,1318,1,16/08/1989,,F,,
137,1321,2,20/09/1989,,F,,
138,1321,1,20/09/1989,,F,,
139,1334,1,30/08/1989,,F,,
140,1331,1,25/10/1989,,F,,
141,1327,1,08/11/1989,,F,,
142,1327,2,08/11/1989,,F,,
143,1319,1,22/11/1989,,F,,
144,1320,1,15/11/1989,,F,,
145,1342,1,24/01/1990,,F,,
146,1342,2,24/01/1990,,F,,
147,1345,1,24/01/1990,,F,,
148,1340,2,07/02/1990,,F,,
149,1340,1,07/02/1990,,F,,
150,1336,1,26/07/1989,,F,,
151,1362,2,28/02/1990,,F,,
152,1362,1,28/02/1990,,F,,
153,1337,1,28/02/1990,,F,,
154,1350,1,28/02/1990,,F,,
155,1364,1,07/03/1990,,F,,
156,1357,2,07/03/1990,,F,,
157,1357,1,07/03/1990,,F,,
158,1351,1,14/03/1990,,F,,
159,1354,1,07/02/1990,,F,,
179,1346,1,16/05/1990,,F,,
180,1360,1,23/05/1990,,F,,
181,1358,1,20/06/1990,,F,,
182,1343,1,27/06/1990,,F,,
183,1355,1,04/07/1990,,F,,
3578,1161,1,,,F,,
253,1349,2,18/07/1990,,F,,
254,1349,1,18/07/1990,,F,,
255,1353,1,08/08/1990,,F,,
256,1353,2,08/08/1990,,F,,
257,1363,1,11/07/1990,,F,,
258,1338,1,22/08/1990,,F,,
259,1347,1,29/08/1990,,F,,
260,1347,2,29/08/1990,,F,,
261,1359,1,05/09/1990,,F,,
262,1344,1,26/09/1990,,F,,
263,1356,2,26/09/1990,,F,,
264,1356,1,26/09/1990,,F,,
265,1352,2,17/10/1990,,F,,
266,1352,1,17/10/1990,,F,,
267,1348,1,19/12/1990,,F,,
268,1361,1,19/12/1990,,F,,
269,1341,1,19/12/1990,,F,,
270,1339,1,19/12/1990,,F,,
271,1382,1,02/01/1991,,F,,
273,1248,2,13/02/1991,,F,,
274,1379,1,13/02/1991,,F,,
275,1368,1,20/02/1991,,F,,
277,1388,1,06/03/1991,,F,,
278,1383,1,06/03/1991,,F,,
279,1373,2,15/05/1991,,F,,
280,1369,1,10/04/1991,,F,,
281,1373,1,15/05/1991,,F,,
282,1386,1,10/04/1991,,F,,
284,1375,1,05/06/1991,,F,,
285,1377,1,03/07/1991,,F,,
286,1370,1,03/07/1991,,F,,
287,1370,2,03/07/1991,,F,,
288,1384,1,17/07/1991,,F,,
289,1387,2,31/07/1991,,F,,
290,1387,1,31/07/1991,,F,,
291,1389,1,31/07/1991,,F,,
292,1365,1,13/03/1991,,F,,
2998,1186,1,17/07/2004,31-Jul-04,F,,
335,738,,,,F,,ringed by Etienne
336,1371,2,02/10/1991,,F,,
337,1371,1,02/10/1991,,F,,
338,1366,1,02/10/1991,,F,,
339,1380,1,02/10/1991,,F,,
340,1380,2,02/10/1991,,F,,
341,1385,1,02/10/1991,,F,,
342,1367,1,23/10/1991,,F,,
343,1374,1,06/11/1991,,F,,
345,1372,1,25/12/1991,,F,,
346,1397,1,01/01/1992,,F,,
347,1397,4,01/01/1992,,F,,
348,1394,2,08/01/1992,,F,,
349,1391,1,08/01/1992,,F,,
350,1395,1,15/01/1992,,F,,
351,1393,2,26/02/1992,,F,,
352,1393,1,26/02/1992,,F,,
353,1396,1,26/02/1992,,F,,
354,1394,1,08/01/1992,,F,,
355,1397,2,01/01/1992,,F,,
356,1397,3,01/01/1992,,F,,
357,1381,1,23/10/1991,,F,,
358,1392,1,15/07/1992,,F,,
359,1398,1,05/08/1992,,F,,
3096,1189,1,30/09/2004,,U,,might have been chick from T3? Was birdID=480
3013,978,1,,,U,,wrongly entered as BirdID=385 fate unknown!
709,1376,2,14/08/1991,,F,,
1363,332,1,10/08/1998,,F,,
1361,266,1,20/08/1998,,F,,
3011,994,1,16/08/2004,,F,,
3419,40,1,01/05/1997,,F,,UR(=BNYX?); wrongly=1169 (BrM adult 1st rung July)
1170,123,1,01/05/1997,,F,,
1179,106,1,01/05/1997,,F,,
1181,121,1,,,F,,
3418,43,1,,,F,,UR(=GEYX?)
1208,127,1,18/07/1997,08-Aug-97,F,,dead in storm 17/8
1209,120,1,17/07/1997,03-Aug-97,F,,
1213,44,1,27/07/1997,15-Aug-97,F,,
1215,12,1,24/07/1997,,F,,
1221,33,1,,,F,,
1222,133,1,15/11/1997,,F,,
1223,151,1,20/12/1997,09-Jan-98,F,,
1227,260,1,15/11/1997,26-Dec-97,F,,
1229,209,1,22/12/1997,10-Jan-98,F,,
1231,124,1,16/08/1997,,F,,8-10 days old on 25/8
1234,85,1,20/07/1997,07-Aug-97,F,,
1236,3,1,01/08/1997,,D,,Died in storm 17/8/97
1245,334,1,15/12/1997,03-Jan-98,F,,
1248,136,1,15/11/1997,,F,,
1268,329,1,18/01/1998,07-Feb-98,F,,
1270,158,1,15/11/1997,,F,,
1275,235,1,15/11/1997,,F,,
1277,233,1,15/11/1997,,F,,
1278,256,1,15/11/1997,,F,,
1287,207,1,15/11/1997,26-Dec-97,F,,
1288,310,1,28/01/1998,17-Feb-98,F,,
1289,301,1,15/11/1997,,F,,
1290,291,1,15/11/1997,,F,,
1291,311,1,15/11/1997,,F,,
1292,315,1,01/11/1997,,F,,
1293,280,1,01/02/1998,21-Feb-98,F,,
1294,268,1,06/02/1998,27-Feb-98,F,,
1296,313,1,15/11/1997,,F,,
1300,145,1,15/11/1997,,F,,
1302,312,1,15/11/1997,,F,,
1305,153,1,15/11/1997,,F,,
1306,249,1,15/11/1997,,F,,
1346,263,1,15/11/1997,,F,,
1348,348,1,17/07/1998,04-Aug-98,F,,
1349,254,1,,04-Aug-98,F,,"Feed watch, obs of fe ch on 4/8, no fl seen (OH)"
1359,204,1,01/08/1998,19-Aug-98,F,,
1362,216,1,,,F,,
1364,269,1,21/08/1998,,F,,
1365,245,1,20/08/1998,09-Sep-98,F,,
1366,265,1,25/08/1998,11-Sep-98,F,,
1384,196,1,03/08/1998,21-Aug-98,F,,
1385,223,1,29/07/1998,16-Aug-98,F,,
1387,227,1,10/08/1998,30-Aug-98,F,,
1388,224,1,,,F,,
1390,157,1,10/08/1998,23-Aug-98,F,,
1393,173,1,07/08/1998,,F,,
1394,275,1,08/08/1998,30-Aug-98,F,,
1396,242,1,23/08/1998,13-Sep-98,F,,
1397,210,1,28/08/1998,17-Sep-98,F,,
1398,351,1,02/09/1998,20-Sep-98,F,,
1400,342,1,,10-Sep-98,F,,
1402,255,1,30/08/1998,17-Sep-98,F,,
1406,307,1,09/09/1998,,F,, chick still in nest 27/9
1407,237,1,,,F,,
1408,324,1,26/08/1998,15-Sep-98,F,,
1409,171,1,,11-Sep-98,F,,
1411,194,1,07/09/1998,,F,,
1413,135,1,08/09/1998,,F,,
1415,3049,1,21/08/1998,09-Sep-98,F,,
1417,200,1,22/09/1998,,F,,Y--X
1418,363,2,,,F,,
1419,363,1,,,F,,
1420,426,1,,,F,,
1421,390,1,,,F,,
1422,557,1,,,F,,
1423,451,1,10/04/1999,,D,,"died, deformed wing"
1424,562,1,,,F,,
1425,532,1,,04-Apr-99,F,,
1426,502,1,,,F,,
1427,515,1,,,G,,
1428,382,1,14/01/1999,02-Feb-99,F,,
1429,578,1,12/01/1999,31-Jan-99,F,,
-1,432,1,,,F,,
1431,466,1,,10-Feb-99,F,,
3295,475,1,,,F,,wrongly entered as 1432 (SA 28/01/99)
1433,361,1,,28-Apr-99,F,,
1434,482,1,,,F,,
1435,495,1,,04-Jul-99,F,,
1436,383,1,,16-Jul-99,F,,
1438,381,1,,21-Jul-99,F,,
1440,377,1,18/07/1999,07-Aug-99,F,,
1441,573,1,13/07/1999,01-Aug-99,F,,
1487,546,1,20/07/1999,08-Aug-99,F,,
1488,491,1,19/07/1999,08-Aug-99,F,,
1490,489,1,,,F,,
1491,411,1,,,F,,
1492,371,1,,,F,,
1493,481,1,26/07/1999,15-Aug-99,F,,
1494,579,1,28/07/1999,19-Aug-99,F,,
1495,464,1,05/08/1999,28-Aug-99,F,,
1497,590,1,,,F,, fl independent and helping
1498,369,1,31/07/1999,20-Aug-99,F,,
1499,539,1,12/08/1999,02-Sep-99,F,,
1502,373,1,24/08/1999,09-Sep-99,F,,
1504,437,1,,,F,,
1505,409,1,21/08/1999,11-Sep-99,F,,
1506,464,2,05/08/1999,28-Aug-99,F,,
1507,379,1,,,F,,
1508,519,1,,,F,,UR(=LBSX)
1509,402,1,,,F,,
1510,394,1,,,F,,
1511,387,1,,,F,,"UR(=GGSX), BiD 1511?"
1512,508,1,03/08/1999,23-Aug-99,F,,
1513,478,1,,23-Aug-99,F,,
1514,396,1,,16-Jul-99,F,,
1515,420,1,,,F,,
1516,511,1,15/08/1999,06-Sep-99,F,,
1518,566,1,,,F,,
1519,365,1,20/08/1999,,F,,"chick fell out of nest 5/9,  VOSX"
1520,401,1,28/08/1999,14-Sep-99,F,,
1521,439,1,22/08/1999,10-Sep-99,F,,
1523,454,1,,,F,,
1524,588,2,31/08/1999,20-Sep-99,F,,
1525,430,1,31/08/1999,18-Sep-99,F,,
1526,430,2,31/08/1999,18-Sep-99,F,,
1527,591,1,08/09/1999,25-Sep-99,F,,
1528,534,2,05/09/1999,25-Sep-99,F,,
1489,463,1,30/07/1999,16-Aug-99,F,,
1530,483,1,20/08/1999,08-Sep-99,F,,
1531,455,1,20/08/1999,08-Sep-99,F,,
1532,473,1,21/08/1999,14-Sep-99,F,,
1533,588,1,31/08/1999,20-Sep-99,F,,
1535,520,1,30/07/1999,20-Aug-99,F,,
1536,549,1,09/09/1999,24-Sep-99,F,,
1537,416,1,16/09/1999,,U,,chick in nest 26/9
1562,505,2,20/09/1999,,F,26-Sep-99,DateCollected from ringing book; 2 chicks sampled
1565,551,1,30/07/1999,12-Aug-99,F,,
6288,611,1,21/09/2002,,F,,
1678,675,1,21/07/2002,,F,,
1679,675,2,,,F,,
1680,676,1,19/07/2002,,U,,
1696,629,1,31/07/2002,,F,,
1702,620,1,,,F,,
1703,640,1,,,F,,
1704,647,1,,,U,,
1705,593,1,,,F,,
1713,656,1,,,U,,
1716,600,1,20/07/2002,,F,,
1731,644,1,,20-Aug-02,F,,
1732,598,1,,,U,,
1733,607,1,,,F,,
1734,658,1,,04-Sep-02,F,,
1736,615,1,05/08/2002,,F,,
1737,667,1,03/09/2002,05-Sep-02,F,,
1738,650,1,,07-Sep-02,F,,
1739,630,1,26/07/2002,,F,,
1741,642,1,21/07/2002,,F,,
1742,663,1,,,F,,
1743,616,1,05/08/2002,,F,,
1746,635,1,,16-Jul-02,F,,
1747,625,1,,,F,,
1748,623,1,,,F,,
1749,622,1,14/08/2002,,F,,
1750,633,1,,14-Aug-02,F,,
1752,626,1,,,F,,
1755,609,1,,,F,,
1758,634,1,,24-Jul-02,F,,
1798,855,1,,,F,,
1804,741,1,,27-Aug-03,F ,,
1805,747,,,,F ,,
1806,862,1,,,F,,
1808,820,1,07/08/2003,,F,,
1820,784,1,,05-Aug-03,F,,
1824,714,1,,,F ,,
1825,719,1,,,F ,,
1826,729,1,,,F ,,
1828,795,1,,,F,,
1829,843,1,,23-Aug-03,F,,
1830,700,1,,,F,,
1831,763,1,,28-Aug-03,F,,
1832,708,1,,,F,,
1833,787,1,,23-Aug-03,F,,
1843,786,1,,27-Aug-03,F,,
1844,732,1,,28-Aug-03,F ,,
1845,842,1,,28-Aug-03,F,,
1846,783,1,,28-Aug-03,F,,
1847,720,1,,30-Aug-03,F ,,
1848,718,1,17/08/2003,30-Aug-03,F ,,
1849,706,1,16/08/2003,,F,,
1850,706,2,19/08/2003,,F,,
1852,716,1,20/08/2003,31-Aug-03,F ,,
1853,740,1,,,F ,,
1854,740,2,,,F ,,
1855,743,,,31-Aug-03,F ,,
1856,710,1,21/08/2003,31-Aug-03,F ,,
1857,710,1,21/08/2003,31-Aug-03,F ,,
1858,727,1,,31-Aug-03,F ,,
1864,726,1,,,F ,,
1865,854,1,,,F,,
1866,699,1,05/08/2003,23-Aug-03,F ,,
1867,744,1,19/08/2003,,F ,,
1868,755,,,,F ,,
1869,797,1,,,F,,
1870,796,1,08/08/2003,,F,,
1872,826,1,,28-Aug-03,F,,
1873,722,1,,,F,,
1874,775,1,,,F,,
1875,851,2,,,F,,
1876,781,1,10/08/2003,,F ,,
1879,725,1,,,F ,,
1881,702,1,,,F,,
1883,863,1,29/08/2003,,F,,
1884,828,1,,,F,,
1885,851,1,,,F,,
1887,857,1,,,F,,
1888,756,,,,F ,,
1890,825,1,,,F,,
1895,685,1,,,F,,ringed by cuca
1896,774,1,,,F,,ch ringed by Cuca
1897,682,1,,,F ,,ringed by cuca
2925,1227,1,23/11/1988,,F,,
2926,1244,1,14/03/1990,,F,,
2927,1244,2,14/03/1990,,F,,
2997,1200,1,,,F,,
3005,976,1,,20-Aug-04,F,,
3006,983,1,,,U,,
3007,1191,1,18/08/2004,,F,,
3008,968,1,17/08/2004,,U,,Last seen as chick ringed 28/8/2004
3009,905,1,17/08/2004,,F,,
3012,924,1,12/08/2004,,F,,
3014,934,1,,,U,,ringed as chick 8/9/2004 and not seen since
3015,925,1,,,F,,
3016,906,1,,,F,,
3019,965,1,,,F,,
3095,912,1,15/08/2004,,F,,"wrongly=3022 (rung adult 26/12/04, BrF then)"
3087,911,1,,,F,,
3094,996,1,,,F,,
3472,1209,1,,22-Jun-05,F,,
3486,1009,1,,,F,,
3504,1149,1,16/07/2005,,F,,
3512,1092,1,,,F,,
3518,1047,1,,,F,,
3519,1044,1,07/08/2005,,F,,
3521,1055,1,,,F,,
3527,1211,1,22/07/2005,,F,,
3529,1210,1,,,F,,
3565,1104,1,,,F,,
3566,1125,1,13/08/2005,,F,,
3568,1104,2,,,F,,
3569,1042,1,,,F,,
3570,1127,1,,,F,,
3571,1048,1,,,F,,
3572,1041,1,,,F,,ON 15/08 CH ABOUT 1 WEEK OLD
3573,1048,2,,,F,,
3574,1150,1,17/08/2005,,F,,ch about 5 days on 17/08
3575,1036,1,09/08/2005,,F,,
3576,1053,1,,,F,,
3577,1019,1,,,F,,was about 10 days when found on 26/08
3579,1051,1,,,F,,MUST HAVE HATCHED AROUND 17/08
3580,1065,1,,,F,,
3581,1074,1,,,F,,
3590,1126,1,,,F,,
3591,1062,1,18/08/2005,,F,,MUST HAVE HATCHED AROUND 18/08 (SEE LAYDATE)
3592,1126,2,,,F,,
3593,1141,2,31/08/2005,,F,,
3594,1060,1,,,F,,
3595,1141,1,31/08/2005,,F,,chicks about 1 week old on 31/08
3596,1165,1,,,F,,
3597,1141,3,31/08/2005,,F,,
3598,1144,1,,,F,,
3599,1136,1,,,F,,ch 1 or 2 days old on 23/08
3600,1163,1,,,F,,
3601,1035,1,01/09/2005,,F,,
3602,1070,1,,,F,,CH 1 OR 2 DAYS OLD ON 31/08
3603,1038,1,,,F,,
3604,1012,1,,,F,,ch 3 or 4 days old on 05/09
3605,1139,1,,,F,,
3606,1033,1,,,F,,ON 31/08 CH 1 OR 2 DAYS OLD
3607,1008,1,25/08/2005,,F,,
3608,1010,1,,,F,,chick 1 or 2 days old when found
3609,1213,1,,,F,,
3610,1217,1,,,F,,
3742,5,1,31/07/1997,,D,02-Aug-97,
3744,7,1,04/08/1997,,D,,dead in storm 13/8
3745,8,1,04/08/1997,,D,18-Aug-97,dead in storm 18/8
3749,16,1,,,F,,UR
3750,18,1,21/08/1997,,G,,chick still in nest 28/8
3753,21,1,16/08/1997,,D,,SWAP wth 92.1
3754,23,1,05/08/1997,,D,07-Aug-97,
3755,25,1,09/08/1997,,D,16-Aug-97,
3757,27,1,01/05/1997,,F,,UR
3758,29,1,12/08/1997,,D,16-Aug-97,dead in storm 18/8
3759,29,2,12/08/1997,,G,,died in storm 18/8
3762,32,1,02/08/1997,,D,,dead in storm 17/8
3763,34,1,11/08/1997,,D,,dead in storm 16/8
3767,41,1,08/08/1997,,D,,"1 egg infertile, 1 chick dead in storm 18/8"
3769,44,2,27/07/1997,,G,,
3779,55,1,,,F,,UR
3783,63,1,25/08/1997,,F,,B--X?
3785,65,1,,,D,07-Aug-97,dead in storm 15/8
3786,67,1,02/08/1997,,D,,dead in storm 17/8
3788,72,1,18/08/1997,,D,,dead in storm  or P21/8
3789,73,1,,,D,,died in storm 16/8
1207,76,1,26/07/1997,12-Aug-97,D,17-Aug-97,dead in storm 17/8
3793,77,1,09/08/1997,,D,10-Aug-97,dead in storm 16/8
3794,78,1,04/08/1997,,D,16-Aug-97,dead in storm 16/8
1238,83,1,07/08/1997,,D,,dead in storm 14/8
3800,84,,,,F,,
3801,88,1,13/08/1997,,D,,dead in storm 16/8
3809,96,1,12/08/1997,,D,,dead in storm 18/8
3817,102,1,01/05/1997,,F,,UR(=EEYX?)
3821,107,1,06/08/1997,,D,,
3829,119,1,06/08/1997,,D,07-Aug-97,dead in storm 17/8
3831,122,1,10/08/1997,,D,16-Aug-97,dead in storm 16/8
3839,132,1,01/05/1997,,F,,UR
3840,137,1,25/08/1998,,D,20-Aug-98,
3841,137,2,25/08/1998,,U,,
3842,138,1,,,F,,UR(=NWYX)
3843,141,1,15/11/1997,,F,,UR
3846,146,1,15/11/1997,,F,,UR
3847,148,1,,,F,,UR
3851,156,1,,,F,,UR
3852,159,1,07/08/1998,01-Sep-98,F,,UR
3858,176,1,30/08/1998,,P,,
3859,177,1,05/09/1998,,P,,
3860,178,1,,,F,,UR (=YYYX?)
3863,181,1,21/02/1998,,D,24-Feb-98,
3867,185,1,02/01/1998,16-Jan-98,F,,UR
3872,195,1,,,F,,UR
3877,164,1,30/08/1998,,D,31-Aug-98,
3883,218,1,24/01/1998,,D,,nest fell down
3884,219,1,19/08/1998,08-Sep-98,F,,UR
3886,225,1,01/09/1998,19-Sep-98,F,,UR
3887,226,1,,,F,,UR(=NNYX?)
3890,230,1,13/09/1998,,U,,
3896,243,1,29/07/1998,16-Aug-98,F,,UR
3899,251,1,08/08/1998,,D,,PREDATED
3901,253,1,,,F,,UR (=GGYX?) BiD 1391?
3905,262,1,,,F,,ERROR info
3907,265,3,25/08/1998,,D,30-Aug-98,
3909,270,1,15/11/1997,,F,,"UR (=LNYX???), BiD 1534?"
3917,286,1,15/11/1997,,F,,UR
3921,292,1,10/09/1998,,D,,p ch <24/9
3922,294,1,15/11/1997,,F,,GGVX? COLOR CODE NOT ENTERED
3926,299,1,15/11/1997,,F,,UR
3928,305,1,17/02/1998,,D,,P 4/3
3930,308,1,19/07/1998,,D,,P ch 6 days
3931,309,1,19/08/1998,,D,20-Aug-98,
1267,318,1,18/01/1998,07-Feb-98,D,,D (storm?)
3940,326,1,30/08/1998,,U,,no fl seen
3941,327,1,15/11/1997,,F,,UR
3943,331,1,26/02/1998,,G,,disappeared <20/3
3945,335,1,30/08/1998,,D,,P ch 8 days
3946,335,1,28/08/1998,,D,08-Sep-98,P ch 10 days two samples 397 + 398
3947,341,1,17/02/1998,10-Mar-98,F,,UR
3949,346,1,10/09/1998,28-Sep-98,F,,UR
3950,347,1,16/01/1998,,D,,D ~25/1
3951,349,1,15/11/1997,,F,,UR
3952,350,1,15/11/1997,,F,,UR
3953,351,2,02/09/1998,,D,,"chick 2 to 29, P ch 10 days"
3954,352,1,15/11/1997,,F,,UR
3955,353,1,15/11/1997,,F,,UR
3956,354,1,07/09/1998,,D,,P ch 23/9
3957,356,1,15/11/1997,,F,,UR
3960,359,1,15/11/1997,,F,,UR
3962,362,1,08/08/1999,,D,,P 12/8
3965,366,1,,15-Jun-99,F,,"UR, died after female died?"
3966,367,1,18/07/1999,,D,,P 19/7
3967,368,1,11/08/1999,,D,14-Aug-99,"mb: on KB 16/8 chick weighted 3.4g, 2 days old!"
3970,374,1,17/07/1999,,D,,P  26/7
3972,376,1,04/08/1999,23-Aug-99,F,,UR
3973,378,1,31/08/1999,,P,,P 14/9
3974,380,1,02/09/1999,22-Sep-99,F,,UR
1486,385,1,28/07/1999,,D,,
3976,388,1,14/08/1999,,F,19-Aug-99,
3979,398,1,,,F,,UR
3983,404,1,20/09/1999,,D,,
3986,406,1,28/07/1999,,D,01-Aug-99,P 5/8
3987,413,1,26/07/1999,,D,01-Aug-99,P 4/8 (W. skink!)
3990,417,1,,,G,,"UR, DEAD??"
3992,419,1,31/08/1999,18-Sep-99,F,,UR
3993,421,1,27/01/1999,,U,,"? (no fl seen in April), UR"
3995,423,1,27/01/1999,15-Feb-99,F,,"UR, ? (fl seen in April)"
3996,424,1,05/08/1999,25-Aug-99,F,,UR
4000,429,1,,,F,,UR
4001,429,2,,,F,,UR
4002,432,2,,,F,,UR
4003,433,1,22/08/1999,11-Sep-99,F,,UR
4005,438,1,,,F,,UR
4007,441,1,,,F,,UR
4008,442,1,,,F,,UR
4009,443,1,03/09/1999,22-Sep-99,F,,UR
4011,445,1,22/08/1999,10-Sep-99,F,,UR
4013,447,1,18/08/1999,,D,,P 14/7
4014,448,1,,,F,,fl (could have been 2 fl's)
4015,448,2,,,F,,fl (could have been 2 fl's)
4016,450,1,07/07/1999,27-Jul-99,G,,UR
4017,452,1,12/07/1999,,D,19-Jul-99,
4018,453,1,03/07/1999,22-Jul-99,F,,UR
4019,456,1,,24-Jul-99,F,,UR
4020,457,1,27/08/1999,,P,,P 6/9
4021,460,1,,25-Sep-99,F,,UR
4022,461,1,04/05/1999,23-May-99,F,,UR
4023,462,1,19/04/1999,08-May-99,F,,UR
4025,469,1,04/05/1999,23-May-99,F,,UR
4026,471,1,,,D,,alive July
4028,477,1,19/08/1999,06-Sep-99,F,,UR
4030,480,1,,,F,,UR
4031,481,2,26/07/1999,,P,,P 5/8
4039,498,1,12/09/1999,,D,,P 26/9
4040,499,1,11/09/1999,,D,,P 26/9
4041,500,1,,,F,,UR
4042,505,1,20/09/1999,,U,26-Sep-99,DateCollected from ringing book; 2 chicks sampled
4043,506,1,27/01/1999,,D,,P 29/1
4044,512,1,,,F,,UR
4045,513,1,11/08/1999,,D,,
4047,522,1,24/07/1999,12-Aug-99,F,,UR
4048,523,1,,,F,,"LLSX?, 1424?"
4049,524,1,16/07/1999,,D,,P 1/8
4050,525,1,02/09/1999,,D,,P >10/9
4051,527,1,07/02/1999,26-Feb-99,F,,UR
4052,528,1,,03-Jul-99,F,,UR
4055,534,1,05/09/1999,27-Sep-99,D,,
4056,536,1,26/07/1999,,P,,P 28/7
4057,537,1,23/08/1999,,D,25-Aug-99,
4059,542,1,,,F,,"UR, alive July"
4061,547,1,,,G,,"fl died?, UR"
4064,553,1,21/09/1999,,F,,"chick in nest 26/9, fl UR."
4068,560,1,,,F,,UR
4070,563,1,,,F,,"fl independent, UR"
4071,565,1,,,F,,"alive July, UR"
4073,568,1,,23-Jul-99,F,,UR
4074,569,1,,,F,,alive July
4076,571,1,05/09/1999,21-Sep-99,F,,UR
4077,572,1,08/07/1999,28-Jul-99,F,,UR
4081,577,1,04/09/1999,23-Sep-99,F,,UR
4083,584,1,12/07/1999,04-Aug-99,F,,UR
4084,586,1,22/05/1999,01-Jun-99,F,,UR
4086,588,3,,,D,04-Sep-99,
4093,601,1,,,U,,
4096,608,1,,,F,,
4097,612,1,21/07/2002,10-Aug-02,F,,15-08-02 empty nest
4098,613,1,,,U,,
4099,614,1,28/08/2002,,F,,
4103,627,1,,,F,,
4104,628,1,26/07/2002,,F,,
4105,631,1,,16-Jul-02,F,,
4106,632,1,,,F,,
4108,637,1,,24-Jul-02,F,,
4109,641,1,11/08/2002,,D,,very little chick
4112,646,1,23/07/2002,,U,,
4115,654,1,,20-Aug-02,F,,
4117,657,1,,11-Jul-02,F,,
4119,660,1,,,F,,
4121,662,1,06/08/2002,28-Aug-02,F,,
4124,668,1,,24-Jul-02,F,,
4125,669,1,23/07/2002,,F,,
4129,673,1,,15-Jul-02,F,,
4131,677,1,,23-Jul-02,F,,
4132,678,1,,,F,,
4140,688,1,,,U,,
4157,3350,1,,27-Aug-03,F ,,
4159,728,1,,27-Aug-03,G ,,
4169,745,1,,21-Aug-03,F ,,
4170,746,1,,,F,,
4173,750,,,,F ,,
4178,757,,,,G ,,
4181,760,,,,U,,
4182,761,1,,,U,,
4184,764,1,,,F,,
4185,765,1,,,F,,
4186,766,1,,,F,,
4187,767,1,,,F,,
4189,769,1,,,U,,
4190,770,1,,,U,,
4194,778,1,,,U,,
4196,780,1,28/08/2003,,U,,
4201,792,1,,,U,,
1819,794,1,,,F,,
4204,798,1,,,U,,
4215,814,1,,,P,,
4216,816,1,,,P,,
4217,818,1,,,U,,
4225,846,1,,,G,,
4235,862,2,04/08/2003,,D,,
4236,862,3,04/08/2003,,D,,
4238,868,1,01/07/1996,15-Jul-06,F,,
4239,869,1,06/05/1996,20-May-96,F,,
4240,870,1,,,F,,
4241,871,1,06/05/1996,,G,,
4242,872,1,29/07/1996,,F,,
4243,873,1,22/07/1996,,U,,
4244,875,1,22/07/1996,,D,,
4245,876,1,,,F,,
4246,877,1,,,F,,
4247,878,1,,,F,,
4248,883,1,08/07/1996,22-Jul-96,U,,
4249,884,1,06/05/1996,,G,,
4250,885,1,08/07/1996,22-Jul-96,F,,
4252,888,1,22/04/1996,06-May-96,F,,
4253,889,1,,,F,,
4254,890,1,08/07/1996,22-Jul-96,F,,
4255,891,1,,,D,12-Jun-95,
4256,892,1,,,D,08-Feb-95,
4269,909,1,,25-Dec-04,F,,
4276,922,1,14/08/2004,,U,,
4290,941,1,,,G,,STILL INC AT END OF SEASON - EGG FATE UNKNOWN!
4304,962,1,,,F,,
4305,963,1,26/07/2004,,F,,
4315,985,1,31/07/2004,,F,,
4324,998,1,,,U,,
4325,999,1,,03-Jan-05,F,,
4327,1002,1,,04-Jan-05,F,,
4330,1007,1,28/07/2004,,P,,
4334,1015,1,,,P,,
4335,1018,1,,,F,,
4338,1028,1,,,U,,
4341,1040,1,,,U,,
4342,1046,1,,,F,,
4344,1063,1,10/06/2005,09-Jul-05,F,,
4356,1081,1,,,U,,
4362,1091,1,,,U,,
4367,1106,1,,,P,,
3612,1110,1,,,U,,
4380,1124,1,,,P,,
4383,1129,1,,,U,,
4389,1142,1,,,F,,
4393,1153,1,17/08/2005,,F,,
4394,1156,1,,,F,,
4400,1162,1,,,P,,
4401,1167,1,02/09/2005,,F,,"ch gets lot of food on 2/9, prob more than 1 week"
4403,1169,1,06/09/2005,,F,,
4406,1175,1,,,F,,
4411,1180,1,07/08/2005,,P,,
4413,1181,1,05/09/2005,,U,,ch 1 or 2 days on 05/09
4414,1181,2,05/09/2005,,U,,ch 1 or 2 days on 05/09
4415,1185,1,20/07/2004,18-Aug-04,F,,
4416,1187,1,,18-Aug-04,F,,
4420,1193,1,11/09/2004,,U,,
4421,1194,1,,,D,,
4422,1195,1,,26-Oct-04,F,,
4424,1197,1,18/08/2004,,F,,dissappeared 16/11/04
4425,1199,1,,26-Oct-04,F,,
4427,1201,1,03/09/2004,,D,,"chick dead in nest after heavy rain, not collected"
4428,1202,1,,18-Aug-04,F,,
4432,1219,1,,,F,,
4436,1225,1,,,F,,
4678,1076,1,09/06/2005,10-Jul-05,F,,
4779,1229,1,14/06/1989,,U,,
4780,1230,1,18/10/1989,,F,,
4781,1231,1,14/06/1989,,F,,
4782,1234,1,27/09/1989,,F,,
4783,1235,1,27/09/1989,,U,,
4784,1236,1,29/11/1989,,F,,
4785,1237,,31/07/1991,,F,,
4786,1238,1,20/12/1989,,F,,
4787,1239,1,06/12/1989,,F,,
4788,1240,1,,,F,,
4789,1241,1,21/03/1990,,F,,
4790,1242,1,30/05/1990,,F,,
4791,1243,1,07/03/1990,,F,,
4792,1243,2,07/03/1990,,F,,
4793,1245,1,25/07/1990,,F,,
4794,1246,1,03/01/1990,,F,,
4795,1247,1,31/07/1991,,F,,ringed with WGY-
4796,1247,2,31/07/1991,,F,,ringed with VLY-
4797,1248,1,14/08/1991,,F,,ringed with LVY-
4798,1249,1,21/08/1991,,F,,ringed with GWY-
4799,1249,2,21/08/1991,,F,,ringed with VVY-
4800,1011,1,,,F,,
4861,1500,1,,,F,,
4875,1439,1,31/07/2006,,F,,CA. 14 DAYS OLD WHEN RUNG
4877,1440,1,,,F,,CA. 14 DAYS OLD WHEN RUNG
4879,1425,1,,,F,,CA. 9/10 DAYS OLD WHEN RUNG
4880,1485,1,,,F,,CA. 10 DAYS OLD WHEN RUNG
4882,1436,1,,,F,,CA. 11 DAYS OLD WHEN RUNG
4883,1520,1,,,F,,"CA. 10 DAYS OLD WHEN RUNG, 2 CHICKS IN NEST"
4884,1520,2,,,F,,"CA. 10 DAYS OLD WHEN RUNG, 2 CHICKS IN NEST"
4885,1429,1,,,F,,CA. 14 DAYS OLD WHEN RUNG
4887,1543,1,,,F,,CA. 14 DAYS OLD WHEN RUNG
4888,1508,1,,,F,,CA. 8/10 DAYS OLD WHEN RUNG
4889,1454,1,,,F,,CA. 12 DAYS OLD WHEN RUNG
4890,1433,1,,,F,,CA. 8 DAYS OLD WHEN RUNG
4891,1503,1,,,F,,CA. 12 DAYS OLD WHEN RUNG
4892,1496,1,,,F,,CA. 10 DAYS OLD WHEN RUNG
4893,1569,1,,,F,,CA. 10 DAYS OLD WHEN RUNG
4894,1498,1,,,F,,CA. 10 DAYS OLD WHEN RUNG
4895,1430,1,,,F,,"CA. 12 DAYS OLD WHEN RUNG, 2 CHICKS IN NEST"
4896,1514,1,,,F,,CA. 14 DAYS OLD WHEN RUNG
4897,1430,2,,,F,,"CA. 12 DAYS OLD WHEN RUNG, 2 CHICKS IN NEST"
4898,1491,1,,,F,,CA. 14 DAYS OLD WHEN RUNG
4899,1493,1,,,F,,CA. 13 DAYS OLD WHEN RUNG
4900,1481,1,,,F,,CA. 15 DAYS OLD WHEN RUNG
4902,1435,1,,,F,,"Ca. 14 days old when rung, 2 chicks in nest"
4903,1435,2,,,F,,"Ca. 11 days old when rung, 2 chicks in nest"
4904,1458,1,,,F,,Ca. 13 days old when rung
4905,1470,1,,,F,,Ca. 12 days old when rung
4906,1462,1,,,F,,Ca. 14 days old when rung
4907,1574,1,,,F,,Ca. 14 days old when rung
4908,1527,1,,,F,,Ca. 14 days old when rung
4910,1417,2,,,F,,"Ca. 15 days old when rung, 2 chicks in nest"
4911,1417,1,,,F,,"Ca. 14 days old when rung, 2 chicks in nest"
4912,1513,1,,,F,,"Ca. 12 days old when rung, 3 chicks in nest"
4913,1513,2,,,F,,"Ca. 12 days old when rung, 3 chicks in nest"
4914,1540,1,,,F,,"Ca. 14 days old when rung, 2 chicks in nest"
4915,1513,3,,,F,,"Ca. 14 days old when rung, 3 chicks in nest"
4916,1540,2,,,F,,"Ca. 15 days old when rung, 2 chicks in nest"
4917,1518,1,,,F,,Ca. 14 days old when rung
4918,1424,1,,,F,,Ca. 14 days old when rung
4919,1414,1,,,F,,Ca. 14 days old when rung
4933,1477,1,,,F,,"Ca. 15 days old when rung, 2 chicks in nest"
4934,1477,2,,,F,,"Ca. 14 days old when rung, 2 chicks in nest"
4935,1531,1,,,F,,Ca. 15 days old when rung
4936,1480,1,,,F,,"Ca. 15 days old, 2 chicks, RUNG BY MAUD/LUCY"
4937,1480,2,,,F,,"Ca. 15 days old, 2 chicks, RUNG BY MAUD/LUCY"
4975,1228,1,14/06/1989,,F,,
4976,1228,2,14/06/1989,,F,,
4977,1228,3,14/06/1989,,F,,marked as bird X-EW but same bird ringed in T99
4979,1232,2,,,F,,
4980,1235,2,27/09/1989,,F,,
4981,1322,1,29/11/1989,,F,,
4982,1323,1,20/12/1989,,F,,
4983,1324,1,06/12/1989,,F,,
4984,1334,2,30/08/1989,,F,,
4985,1376,1,14/08/1991,,F,,marked as LVY- (unknown bird)
4986,1378,1,21/08/1991,,F,,marked as vvy- (unknown bird)
4987,1378,2,21/08/1991,,F,,marked as GWY- (unkown bird)
4989,1575,2,14/06/2006,22-Jun-06,F,,
4990,1575,1,14/06/2006,22-Jun-06,F,,
4992,1512,,,,U,,
4993,1561,,,,U,,
5281,,,,,F,,
5294,1633,,,,U,,"chcik present on 16/02/2009, roughly 1 day old"
6056,638,1,,,F,,
948,2210,,,,F,,
6074,3069,,,,F,,
6191,3123,,23/07/2014,,F,,
5156,1785,1,,,U,15-Sep-07,
5151,1766,1,,,U,,
5152,1766,2,,,U,,
5154,1801,1,,,U,,
5153,1801,2,,,U,,
5148,1799,1,,,F,,
5117,1795,1,,,F,,
5121,1781,1,,,F,,
5119,1773,1,,,F,,
5130,1771,1,,,F,,
5157,1763,1,,,U,,
5135,1760,1,,,U,,
5136,1760,2,,,F,,
5150,1759,1,,,U,,
5146,1758,1,,,F,,
5137,1751,1,,,F,,
5149,1730,1,,,F,,
5144,1723,1,,,F,,
5131,1722,1,,,F,,
5125,1721,1,,,F,,
5126,1721,,,,U,,UNCLEAR IF ONLY 1 CHICK FLEDGED
5140,1718,1,,,F,,
5141,1717,1,,,F,,
5147,1710,1,,,F,,
5139,1706,1,,,F,,
5142,1705,1,,,F,,
5134,1699,1,,,F,,
5127,1688,1,,,F,,
5138,1683,1,,,F,,
5128,1802,,,,F,,
5129,1802,2,,,F,,
5561,2354,,,13-Aug-10,U,,
1032,3401,,,,F,,
5740,3655,2,,,F,,